GCM,GCM Family
ACCESS1-0,1
ACCESS1-3,1
BNU-ESM,15
CCSM4,11
CESM1-BGC,11
CESM1-CAM5,11
CESM1-FASTCHEM,11
CESM1-WACCM,11
CMCC-CESM,12
CMCC-CM,12
CMCC-CMS,12
CNRM-CM5,3
CNRM-CM5-2,3
CSIRO-Mk3-6-0,10
CanCM4,9
CanESM2,9
EC-EARTH,4
FGOALS-g2,8
FIO-ESM,11
GFDL-CM2p1,13
GFDL-CM3,13
GFDL-ESM2G,13
GFDL-ESM2M,13
GISS-E2-H,2
GISS-E2-H-CC,2
GISS-E2-R,2
GISS-E2-R-CC,2
HadCM3,1
HadGEM2-AO,1
HadGEM2-CC,1
HadGEM2-ES,1
IPSL-CM5A-LR,14
IPSL-CM5A-MR,14
IPSL-CM5B-LR,14
MIROC-ESM,5
MIROC-ESM-CHEM,5
MIROC4h,5
MIROC5,5
MPI-ESM-LR,12
MPI-ESM-MR,12
MPI-ESM-P,12
MRI-CGCM3,6
MRI-ESM1,6
NorESM1-M,11
NorESM1-ME,11
bcc-csm1-1,11
bcc-csm1-1-m,11
inmcm4,7
